{
    "name": "root",
    "gauges": {
        "AgentBehaviour.Policy.Entropy.mean": {
            "value": 1.4195524454116821,
            "min": 1.4195524454116821,
            "max": 1.4195524454116821,
            "count": 1
        },
        "AgentBehaviour.Policy.Entropy.sum": {
            "value": 71187.71875,
            "min": 71187.71875,
            "max": 71187.71875,
            "count": 1
        },
        "AgentBehaviour.Environment.EpisodeLength.mean": {
            "value": 35.493975903614455,
            "min": 35.493975903614455,
            "max": 35.493975903614455,
            "count": 1
        },
        "AgentBehaviour.Environment.EpisodeLength.sum": {
            "value": 47136.0,
            "min": 47136.0,
            "max": 47136.0,
            "count": 1
        },
        "AgentBehaviour.Step.mean": {
            "value": 49997.0,
            "min": 49997.0,
            "max": 49997.0,
            "count": 1
        },
        "AgentBehaviour.Step.sum": {
            "value": 49997.0,
            "min": 49997.0,
            "max": 49997.0,
            "count": 1
        },
        "AgentBehaviour.Policy.ExtrinsicValueEstimate.mean": {
            "value": 0.16118758916854858,
            "min": 0.16118758916854858,
            "max": 0.16118758916854858,
            "count": 1
        },
        "AgentBehaviour.Policy.ExtrinsicValueEstimate.sum": {
            "value": 267.41021728515625,
            "min": 267.41021728515625,
            "max": 267.41021728515625,
            "count": 1
        },
        "AgentBehaviour.Environment.CumulativeReward.mean": {
            "value": 0.2479276563677468,
            "min": 0.2479276563677468,
            "max": 0.2479276563677468,
            "count": 1
        },
        "AgentBehaviour.Environment.CumulativeReward.sum": {
            "value": 329.0,
            "min": 329.0,
            "max": 329.0,
            "count": 1
        },
        "AgentBehaviour.Policy.ExtrinsicReward.mean": {
            "value": 0.2479276563677468,
            "min": 0.2479276563677468,
            "max": 0.2479276563677468,
            "count": 1
        },
        "AgentBehaviour.Policy.ExtrinsicReward.sum": {
            "value": 329.0,
            "min": 329.0,
            "max": 329.0,
            "count": 1
        },
        "AgentBehaviour.Losses.PolicyLoss.mean": {
            "value": 0.020705585390290555,
            "min": 0.020705585390290555,
            "max": 0.020705585390290555,
            "count": 1
        },
        "AgentBehaviour.Losses.PolicyLoss.sum": {
            "value": 0.08282234156116222,
            "min": 0.08282234156116222,
            "max": 0.08282234156116222,
            "count": 1
        },
        "AgentBehaviour.Losses.ValueLoss.mean": {
            "value": 0.601633690794309,
            "min": 0.601633690794309,
            "max": 0.601633690794309,
            "count": 1
        },
        "AgentBehaviour.Losses.ValueLoss.sum": {
            "value": 2.406534763177236,
            "min": 2.406534763177236,
            "max": 2.406534763177236,
            "count": 1
        },
        "AgentBehaviour.Policy.LearningRate.mean": {
            "value": 0.00028443360518879996,
            "min": 0.00028443360518879996,
            "max": 0.00028443360518879996,
            "count": 1
        },
        "AgentBehaviour.Policy.LearningRate.sum": {
            "value": 0.0011377344207551998,
            "min": 0.0011377344207551998,
            "max": 0.0011377344207551998,
            "count": 1
        },
        "AgentBehaviour.Policy.Epsilon.mean": {
            "value": 0.19481120000000005,
            "min": 0.19481120000000005,
            "max": 0.19481120000000005,
            "count": 1
        },
        "AgentBehaviour.Policy.Epsilon.sum": {
            "value": 0.7792448000000002,
            "min": 0.7792448000000002,
            "max": 0.7792448000000002,
            "count": 1
        },
        "AgentBehaviour.Policy.Beta.mean": {
            "value": 0.004741078880000001,
            "min": 0.004741078880000001,
            "max": 0.004741078880000001,
            "count": 1
        },
        "AgentBehaviour.Policy.Beta.sum": {
            "value": 0.018964315520000004,
            "min": 0.018964315520000004,
            "max": 0.018964315520000004,
            "count": 1
        },
        "AgentBehaviour.IsTraining.mean": {
            "value": 1.0,
            "min": 1.0,
            "max": 1.0,
            "count": 1
        },
        "AgentBehaviour.IsTraining.sum": {
            "value": 1.0,
            "min": 1.0,
            "max": 1.0,
            "count": 1
        }
    },
    "metadata": {
        "timer_format_version": "0.1.0",
        "start_time_seconds": "1717511650",
        "python_version": "3.10.0 (tags/v3.10.0:b494f59, Oct  4 2021, 19:00:18) [MSC v.1929 64 bit (AMD64)]",
        "command_line_arguments": "C:\\Users\\Yusuf\\Downloads\\multi-agent\\venv\\Scripts\\mlagents-learn --run-id=testing1",
        "mlagents_version": "0.30.0",
        "mlagents_envs_version": "0.30.0",
        "communication_protocol_version": "1.5.0",
        "pytorch_version": "2.3.0+cpu",
        "numpy_version": "1.21.2",
        "end_time_seconds": "1717511898"
    },
    "total": 248.6500754000008,
    "count": 1,
    "self": 0.010924799997155787,
    "children": {
        "run_training.setup": {
            "total": 0.04381260000081966,
            "count": 1,
            "self": 0.04381260000081966
        },
        "TrainerController.start_learning": {
            "total": 248.5953380000028,
            "count": 1,
            "self": 0.6166528003013809,
            "children": {
                "TrainerController._reset_env": {
                    "total": 14.099992399998882,
                    "count": 1,
                    "self": 14.099992399998882
                },
                "TrainerController.advance": {
                    "total": 233.66028329970504,
                    "count": 19275,
                    "self": 0.5456606991901936,
                    "children": {
                        "env_step": {
                            "total": 200.10522540008606,
                            "count": 19275,
                            "self": 173.95294629999262,
                            "children": {
                                "SubprocessEnvManager._take_step": {
                                    "total": 25.709642200112285,
                                    "count": 19276,
                                    "self": 2.0563713003466546,
                                    "children": {
                                        "TorchPolicy.evaluate": {
                                            "total": 23.65327089976563,
                                            "count": 18971,
                                            "self": 23.65327089976563
                                        }
                                    }
                                },
                                "workers": {
                                    "total": 0.44263689998115296,
                                    "count": 19274,
                                    "self": 0.0,
                                    "children": {
                                        "worker_root": {
                                            "total": 227.13365679990966,
                                            "count": 19274,
                                            "is_parallel": true,
                                            "self": 95.05350969997744,
                                            "children": {
                                                "steps_from_proto": {
                                                    "total": 0.0020504999993136153,
                                                    "count": 2,
                                                    "is_parallel": true,