{"count":1,"self":45.8966048,"total":149.3898371,"children":{"InitializeActuators":{"count":4,"self":0.0030017,"total":0.0030017,"children":null},"InitializeSensors":{"count":4,"self":0.0019992,"total":0.0019992,"children":null},"AgentSendState":{"count":64284,"self":0.2370987,"total":1.1388021,"children":{"CollectObservations":{"count":51428,"self":0.10666099999999999,"total":0.10666099999999999,"children":null},"WriteActionMask":{"count":51428,"self":0.027398799999999997,"total":0.027398799999999997,"children":null},"RequestDecision":{"count":51428,"self":0.19726459999999998,"total":0.7676436,"children":{"AgentInfo.ToProto":{"count":51428,"self":0.21546869999999999,"total":0.570379,"children":{"GenerateSensorData":{"count":51428,"self":0.35491029999999996,"total":0.35491029999999996,"children":null}}}}}}},"DecideAction":{"count":64284,"self":101.549504,"total":101.5495037,"children":null},"AgentAct":{"count":64284,"self":0.77892259999999991,"total":0.77892259999999991,"children":null},"AgentInfo.ToProto":{"count":1360,"self":0.0110139,"total":0.0180022,"children":{"GenerateSensorData":{"count":1360,"self":0.0069882999999999994,"total":0.0069882999999999994,"children":null}}}},"gauges":{"AgentBehaviour.CumulativeReward":{"count":1360,"max":5,"min":-2,"runningAverage":0.495588183,"value":0,"weightedAverage":-0.221054167}},"metadata":{"timer_format_version":"0.1.0","start_time_seconds":"1717513751","unity_version":"2021.3.38f1","command_line_arguments":"C:\\Program Files\\Unity\\Hub\\Editor\\2021.3.38f1\\Editor\\Unity.exe -projectpath C:\\Sistem Multi Agen\\Tubes_Multi_Agen -useHub -hubIPC -cloudEnvironment production -licensingIpc LicenseClient-Yusuf -hubSessionId 9dd2f130-2250-11ef-9981-071fdef9b4e5 -accessToken ZnCRsiFbnShrlHzsJybT3A8VLj4ToaMO5ZJk_njeYi4011f","communication_protocol_version":"1.5.0","com.unity.ml-agents_version":"2.0.1","scene_name":"SampleScene","end_time_seconds":"1717513900"}}